id,category,rho,kappa,kappa_NPR,kappa_LLD,h,pred_rho,pred_kappa,pred_h
1,simple_arithmetic,53.763440860215056,0.060108488583050124,0.0,0.1502712214576253,0.6,60,0.1,0.05
2,common_knowledge,53.763440860215056,0.11156642201988774,0.0,0.27891605504971934,0.6,70,0.18,0.1
3,technical_explanation,53.763440860215056,0.10213151753493643,0.0,0.2553287938373411,0.8,180,0.35,0.35
4,complex_theoretical,53.763440860215056,0.10617911856611278,0.0,0.26544779641528193,0.8,280,0.5,0.6
5,temporal_knowledge,53.763440860215056,0.37389114366997184,0.0,0.9347278591749295,1.0,95,0.22,0.95
